/*
Navicat MySQL Data Transfer

Source Server         : 本地
Source Server Version : 50717
Source Host           : localhost:3306
Source Database       : db_mblog

Target Server Type    : MYSQL
Target Server Version : 50717
File Encoding         : 65001

Date: 2018-12-23 19:49:29
*/

SET FOREIGN_KEY_CHECKS=0;

-- ----------------------------
-- Table structure for `mto_channels`
-- ----------------------------
DROP TABLE IF EXISTS `mto_channels`;
CREATE TABLE `mto_channels` (
  `id` int(11) NOT NULL AUTO_INCREMENT,
  `key_` varchar(255) DEFAULT NULL,
  `name` varchar(255) DEFAULT NULL,
  `status` int(11) NOT NULL,
  PRIMARY KEY (`id`),
  UNIQUE KEY `UK_2s863lts1h6m7c30152262cvj` (`key_`)
) ENGINE=InnoDB AUTO_INCREMENT=5 DEFAULT CHARSET=utf8;

-- ----------------------------
-- Records of mto_channels
-- ----------------------------
INSERT INTO `mto_channels` VALUES ('1', 'banner', 'banner', '1');
INSERT INTO `mto_channels` VALUES ('2', 'blog', '博客', '0');
INSERT INTO `mto_channels` VALUES ('3', 'questions', '问答', '0');
INSERT INTO `mto_channels` VALUES ('4', 'share', '分享', '0');

-- ----------------------------
-- Table structure for `mto_comments`
-- ----------------------------
DROP TABLE IF EXISTS `mto_comments`;
CREATE TABLE `mto_comments` (
  `id` bigint(20) NOT NULL AUTO_INCREMENT,
  `author_id` bigint(20) DEFAULT NULL,
  `content` varchar(255) COLLATE utf8_bin DEFAULT NULL,
  `created` datetime DEFAULT NULL,
  `pid` bigint(20) NOT NULL,
  `status` int(11) NOT NULL,
  `to_id` bigint(20) DEFAULT NULL,
  PRIMARY KEY (`id`)
) ENGINE=InnoDB AUTO_INCREMENT=5 DEFAULT CHARSET=utf8 COLLATE=utf8_bin;

-- ----------------------------
-- Records of mto_comments
-- ----------------------------
INSERT INTO `mto_comments` VALUES ('1', '1', '谢谢分享', '2018-12-22 20:15:23', '0', '0', '4');
INSERT INTO `mto_comments` VALUES ('2', '2', '写的不错', '2018-12-23 19:47:44', '0', '0', '1');
INSERT INTO `mto_comments` VALUES ('3', '2', 'yes', '2018-12-23 19:48:01', '0', '0', '3');
INSERT INTO `mto_comments` VALUES ('4', '2', 'nice', '2018-12-23 19:48:16', '0', '0', '4');

-- ----------------------------
-- Table structure for `mto_config`
-- ----------------------------
DROP TABLE IF EXISTS `mto_config`;
CREATE TABLE `mto_config` (
  `id` bigint(20) NOT NULL AUTO_INCREMENT,
  `key_` varchar(255) DEFAULT NULL,
  `type` varchar(255) DEFAULT NULL,
  `value` varchar(255) DEFAULT NULL,
  PRIMARY KEY (`id`),
  UNIQUE KEY `UK_99vo6d7ci4wlxruo3gd0q2jq8` (`key_`)
) ENGINE=InnoDB AUTO_INCREMENT=27 DEFAULT CHARSET=utf8;

-- ----------------------------
-- Records of mto_config
-- ----------------------------
INSERT INTO `mto_config` VALUES ('1', 'site_name', '0', 'Mtons');
INSERT INTO `mto_config` VALUES ('3', 'site_domain', '0', 'http://mtons.com');
INSERT INTO `mto_config` VALUES ('4', 'site_keywords', '0', 'mtons,博客,社区');
INSERT INTO `mto_config` VALUES ('5', 'site_description', '0', 'Mtons, 做一个有内涵的技术社区');
INSERT INTO `mto_config` VALUES ('6', 'site_metas', '0', '');
INSERT INTO `mto_config` VALUES ('7', 'site_copyright', '0', 'Copyright © Mtons');
INSERT INTO `mto_config` VALUES ('8', 'site_icp', '0', '');
INSERT INTO `mto_config` VALUES ('11', 'site_oauth_qq', '0', '');
INSERT INTO `mto_config` VALUES ('12', 'qq_app_id', '0', '');
INSERT INTO `mto_config` VALUES ('13', 'qq_app_key', '0', '');
INSERT INTO `mto_config` VALUES ('14', 'site_oauth_weibo', '0', '');
INSERT INTO `mto_config` VALUES ('15', 'weibo_client_id', '0', '');
INSERT INTO `mto_config` VALUES ('16', 'weibo_client_sercret', '0', '');
INSERT INTO `mto_config` VALUES ('24', 'github_client_id', '0', '');
INSERT INTO `mto_config` VALUES ('25', 'github_secret_key', '0', '');
INSERT INTO `mto_config` VALUES ('26', 'site_oauth_github', '0', '');

-- ----------------------------
-- Table structure for `mto_favors`
-- ----------------------------
DROP TABLE IF EXISTS `mto_favors`;
CREATE TABLE `mto_favors` (
  `id` bigint(20) NOT NULL AUTO_INCREMENT,
  `created` datetime DEFAULT NULL,
  `own_id` bigint(20) DEFAULT NULL,
  `post_id` bigint(20) DEFAULT NULL,
  PRIMARY KEY (`id`)
) ENGINE=InnoDB AUTO_INCREMENT=5 DEFAULT CHARSET=utf8 COLLATE=utf8_bin;

-- ----------------------------
-- Records of mto_favors
-- ----------------------------
INSERT INTO `mto_favors` VALUES ('1', '2018-12-22 20:14:04', '1', '4');
INSERT INTO `mto_favors` VALUES ('2', '2018-12-23 19:47:37', '2', '1');
INSERT INTO `mto_favors` VALUES ('3', '2018-12-23 19:47:54', '2', '3');
INSERT INTO `mto_favors` VALUES ('4', '2018-12-23 19:48:08', '2', '4');

-- ----------------------------
-- Table structure for `mto_feeds`
-- ----------------------------
DROP TABLE IF EXISTS `mto_feeds`;
CREATE TABLE `mto_feeds` (
  `id` bigint(20) NOT NULL AUTO_INCREMENT,
  `author_id` bigint(20) DEFAULT NULL,
  `created` datetime DEFAULT NULL,
  `own_id` bigint(20) DEFAULT NULL,
  `post_id` bigint(20) DEFAULT NULL,
  `type` int(11) NOT NULL,
  PRIMARY KEY (`id`)
) ENGINE=InnoDB AUTO_INCREMENT=7 DEFAULT CHARSET=utf8 COLLATE=utf8_bin;

-- ----------------------------
-- Records of mto_feeds
-- ----------------------------
INSERT INTO `mto_feeds` VALUES ('1', '1', '2018-12-22 20:06:55', '1', '1', '1');
INSERT INTO `mto_feeds` VALUES ('2', '1', '2018-12-22 20:08:09', '1', '2', '1');
INSERT INTO `mto_feeds` VALUES ('3', '1', '2018-12-22 20:09:02', '1', '3', '1');
INSERT INTO `mto_feeds` VALUES ('4', '1', '2018-12-22 20:10:45', '1', '4', '1');
INSERT INTO `mto_feeds` VALUES ('5', '1', '2018-12-22 20:20:24', '1', '5', '1');
INSERT INTO `mto_feeds` VALUES ('6', '2', '2018-12-23 19:47:20', '2', '6', '1');

-- ----------------------------
-- Table structure for `mto_follows`
-- ----------------------------
DROP TABLE IF EXISTS `mto_follows`;
CREATE TABLE `mto_follows` (
  `id` bigint(20) NOT NULL AUTO_INCREMENT,
  `created` datetime DEFAULT NULL,
  `follow_id` bigint(20) NOT NULL,
  `user_id` bigint(20) NOT NULL,
  PRIMARY KEY (`id`),
  KEY `FKlbcc3hcj1cikyow8cvlk1eupe` (`follow_id`),
  KEY `FKso66aluvvri4r5a5x3lh31t8s` (`user_id`),
  CONSTRAINT `FKlbcc3hcj1cikyow8cvlk1eupe` FOREIGN KEY (`follow_id`) REFERENCES `mto_users` (`id`),
  CONSTRAINT `FKso66aluvvri4r5a5x3lh31t8s` FOREIGN KEY (`user_id`) REFERENCES `mto_users` (`id`)
) ENGINE=InnoDB AUTO_INCREMENT=2 DEFAULT CHARSET=utf8 COLLATE=utf8_bin;

-- ----------------------------
-- Records of mto_follows
-- ----------------------------
INSERT INTO `mto_follows` VALUES ('1', '2018-12-23 19:47:36', '1', '2');

-- ----------------------------
-- Table structure for `mto_notify`
-- ----------------------------
DROP TABLE IF EXISTS `mto_notify`;
CREATE TABLE `mto_notify` (
  `id` bigint(20) NOT NULL AUTO_INCREMENT,
  `created` datetime DEFAULT NULL,
  `event` int(11) NOT NULL,
  `from_id` bigint(20) DEFAULT NULL,
  `own_id` bigint(20) DEFAULT NULL,
  `post_id` bigint(20) DEFAULT NULL,
  `status` int(11) NOT NULL,
  PRIMARY KEY (`id`)
) ENGINE=InnoDB AUTO_INCREMENT=10 DEFAULT CHARSET=utf8 COLLATE=utf8_bin;

-- ----------------------------
-- Records of mto_notify
-- ----------------------------
INSERT INTO `mto_notify` VALUES ('1', '2018-12-22 20:14:04', '1', '1', '1', '4', '1');
INSERT INTO `mto_notify` VALUES ('2', '2018-12-22 20:15:23', '3', '1', '1', '4', '1');
INSERT INTO `mto_notify` VALUES ('3', '2018-12-23 19:47:36', '2', '2', '1', '0', '0');
INSERT INTO `mto_notify` VALUES ('4', '2018-12-23 19:47:37', '1', '2', '1', '1', '0');
INSERT INTO `mto_notify` VALUES ('5', '2018-12-23 19:47:44', '3', '2', '1', '1', '0');
INSERT INTO `mto_notify` VALUES ('6', '2018-12-23 19:47:54', '1', '2', '1', '3', '0');
INSERT INTO `mto_notify` VALUES ('7', '2018-12-23 19:48:01', '3', '2', '1', '3', '0');
INSERT INTO `mto_notify` VALUES ('8', '2018-12-23 19:48:08', '1', '2', '1', '4', '0');
INSERT INTO `mto_notify` VALUES ('9', '2018-12-23 19:48:16', '3', '2', '1', '4', '0');

-- ----------------------------
-- Table structure for `mto_posts`
-- ----------------------------
DROP TABLE IF EXISTS `mto_posts`;
CREATE TABLE `mto_posts` (
  `id` bigint(20) NOT NULL AUTO_INCREMENT,
  `author_id` bigint(20) DEFAULT NULL,
  `channel_id` int(11) DEFAULT NULL,
  `comments` int(11) NOT NULL,
  `created` datetime DEFAULT NULL,
  `favors` int(11) NOT NULL,
  `featured` int(11) NOT NULL,
  `status` int(11) NOT NULL,
  `summary` varchar(255) COLLATE utf8_bin DEFAULT NULL,
  `tags` varchar(255) COLLATE utf8_bin DEFAULT NULL,
  `thumbnail` varchar(255) COLLATE utf8_bin DEFAULT NULL,
  `title` varchar(64) COLLATE utf8_bin DEFAULT NULL,
  `views` int(11) NOT NULL,
  `weight` int(11) NOT NULL,
  PRIMARY KEY (`id`)
) ENGINE=InnoDB AUTO_INCREMENT=7 DEFAULT CHARSET=utf8 COLLATE=utf8_bin;

-- ----------------------------
-- Records of mto_posts
-- ----------------------------
INSERT INTO `mto_posts` VALUES ('1', '1', '2', '1', '2018-12-22 20:06:54', '1', '0', '0', '花漾年华——AHC 365 RED新品鉴赏会沪上花园洋房红妆登场 【12月8日上海】12月的上海，寒冷抵不住美妆界的热度。12月8日，上海下了第一场雪，漫天飞扬着白色的精灵，赋予了这个日子独特的意义，而就在这个被祝福的日子里，位于永嘉路557号的...', '美妆', '/store/thumbs/2018/1222/22201735cnov.jpg', '年轻不掺水，青春正当红', '2', '1');
INSERT INTO `mto_posts` VALUES ('2', '1', '1', '0', '2018-12-22 20:08:08', '0', '0', '0', '11月29日, OIB.CHINA携手天猫美妆个护、天猫新品创新中心共同发起，并由YOKA时尚首席媒体冠名的新锐品牌创业大赛在上海玛丽黛佳城邦里举行。本次大赛旨在打造品牌孵化与加速平台，通过对中国新锐品牌的筛选及培训赋能，让更多极具潜力的新锐品牌...', '', '/store/thumbs/2018/1222/22200808rctt.jpg', '美妆红人疯狂打CALL的宝藏国货 OIB·天猫揭晓新锐美妆爆品', '0', '0');
INSERT INTO `mto_posts` VALUES ('3', '1', '3', '1', '2018-12-22 20:09:02', '1', '0', '0', '《一吻定情》又双叒叕被翻拍了！！！由《我的少女时代》导演陈玉珊团队倾力打造的电影版《一吻定情》将于2019年情人节上映。这次将由林允饰演原湘琴，重新演绎这个呆萌少女和高冷男神的女追男爱情故事，掐指一算，几个月后就能在大荧幕上重温这这颗小甜糖啦！', '', '/store/thumbs/2018/1222/22200901znoc.jpg', '用生命在护肤的林允 梳妆台有香奈儿奢华精萃系列加持', '1', '0');
INSERT INTO `mto_posts` VALUES ('4', '1', '4', '2', '2018-12-22 20:10:45', '3', '0', '0', '阿玛尼美妆宣布全新迷情挚爱香水将于中国地区正式上市。一场专为该款香水发布而举办的盛大上市活动于上海举行，品牌全球美妆代言人——奥斯卡影后凯特·布兰切特（Cate Blanchett）亦亲临现场，共同揭幕品牌全新香水产品。 全新迷情挚爱香水上市活动...', '', '/store/thumbs/2018/1222/22201044berg.jpg', '阿玛尼迷情挚爱香水中国地区全新上市', '3', '0');
INSERT INTO `mto_posts` VALUES ('5', '1', '2', '0', '2018-12-22 20:20:24', '0', '0', '0', '欧珀莱时光锁紧致塑颜系列 抗皱紧实眼霜心得 转眼间已经27岁了，抗衰老大任也不知不觉落在了肩上。都说25岁之后就要开始抗初老了，我从22岁开始使用眼霜，从最清爽的啫喱质地开始到现在的滋养厚重型眼霜，也算是经历了比较多的品牌，不得不说，欧珀莱这款时...', '', '/store/thumbs/2018/1222/22202023wyjx.jpg', '锁住眼部时光，永驻青春容颜', '0', '0');
INSERT INTO `mto_posts` VALUES ('6', '2', '2', '0', '2018-12-23 19:47:20', '0', '0', '0', '少女感几乎成了每个小仙女的追求，当然我们没办法阻止岁月对我们身体与肌肤的洗礼，总有一天脸上会悄悄的爬上皱纹，线条会逐渐松弛……小编这里想说的少女感不是盲目的追求“零皱纹”，轮廓、线条不自然的紧致，这样只会让你看起来有种脱离年龄的怪异感。   皱纹...', '', '/store/thumbs/2018/1223/23194720lwjx.jpg', '用精萃成分HOLD住少女感，体验奢华护肤完美一刻', '0', '0');

-- ----------------------------
-- Table structure for `mto_posts_attribute`
-- ----------------------------
DROP TABLE IF EXISTS `mto_posts_attribute`;
CREATE TABLE `mto_posts_attribute` (
  `id` bigint(20) NOT NULL,
  `content` longtext COLLATE utf8_bin,
  PRIMARY KEY (`id`)
) ENGINE=InnoDB DEFAULT CHARSET=utf8 COLLATE=utf8_bin;

-- ----------------------------
-- Records of mto_posts_attribute
-- ----------------------------
INSERT INTO `mto_posts_attribute` VALUES ('1', 0x3C64697620636C6173733D226C656164223EE88AB1E6BCBEE5B9B4E58D8E266D646173683B266D646173683B4148432033363520524544E696B0E59381E989B4E8B58FE4BC9AE6B2AAE4B88AE88AB1E59BADE6B48BE688BFE7BAA2E5A686E799BBE59CBA3C2F6469763E0D0A3C703EE380903132E69C8838E697A5E4B88AE6B5B7E380913132E69C88E79A84E4B88AE6B5B7EFBC8CE5AF92E586B7E68AB5E4B88DE4BD8FE7BE8EE5A686E7958CE79A84E783ADE5BAA6E380823132E69C8838E697A5EFBC8CE4B88AE6B5B7E4B88BE4BA86E7ACACE4B880E59CBAE99BAAEFBC8CE6BCABE5A4A9E9A39EE689ACE79D80E799BDE889B2E79A84E7B2BEE781B5EFBC8CE8B58BE4BA88E4BA86E8BF99E4B8AAE697A5E5AD90E78BACE789B9E79A84E6848FE4B989EFBC8CE8808CE5B0B1E59CA8E8BF99E4B8AAE8A2ABE7A59DE7A68FE79A84E697A5E5AD90E9878CEFBC8CE4BD8DE4BA8EE6B0B8E59889E8B7AF353537E58FB7E79A84E88AB1E59BADE6B48BE688BFE58685EFBC8CE4B880E59CBAE4BBA4E4BABAE79EA9E79BAEE79A84E79B9BE4BA8B266C6471756F3B3C7374726F6E673EE88AB1E6BCBEE5B9B4E58D8E266D646173683B266D646173683B414843333635524544E696B0E59381E989B4E8B58FE4BC9A3C2F7374726F6E673E26726471756F3BE7BAA2E5A686E799BBE59CBAE38082E5BD93E7BAA2E5B08FE88AB1E8B5B5E99CB2E6809DE38081414843E59381E7898CE4BBA3E8A1A8E38081E69DA5E887AAE99FA9E59BBDE79A84E4BAA7E59381E8AEBEE8AEA1E5889BE6848FE680BBE79B91E7AD89E587BAE5B8ADE4BA86E6B4BBE58AA8EFBC8CE4BA94E58D81E5A49AE4BD8DE8BEBEE4BABAE58F8AE5AA92E4BD93E9BD90E8819AE59CA8E7BE8EE8BDAEE7BE8EE5A582E79A84E7BAA2E889B2E78EB0E59CBAEFBC8CE585B1E5908CE8A781E8AF81E4BA86414843E696B0E59381E7BAA2E99FB5E78495E9A29CE7B3BBE58897E79A84E9A696E6ACA1E585ACE5BC80E99DA2E4B896EFBC8CE6849FE58F97E4BA86E6BA90E887AAE59F83E58F8AE79A84E7BAA2E889B2E6B49BE7A59EE88AB1E79A84E98086E9BE84E68A97E6B0A7E58C96E58A9BE9878FE380823C2F703E);
INSERT INTO `mto_posts_attribute` VALUES ('2', 0x3C68313E3131E69C883239E697A52C204F49422E4348494E41E690BAE6898BE5A4A9E78CABE7BE8EE5A686E4B8AAE68AA4E38081E5A4A9E78CABE696B0E59381E5889BE696B0E4B8ADE5BF83E585B1E5908CE58F91E8B5B7EFBC8CE5B9B6E794B1594F4B41E697B6E5B09AE9A696E5B8ADE5AA92E4BD93E586A0E5908DE79A84E696B0E99490E59381E7898CE5889BE4B89AE5A4A7E8B59BE59CA8E4B88AE6B5B7E78E9BE4B8BDE9BB9BE4BDB3E59F8EE982A6E9878CE4B8BEE8A18CE38082E69CACE6ACA1E5A4A7E8B59BE697A8E59CA8E68993E980A0E59381E7898CE5ADB5E58C96E4B88EE58AA0E9809FE5B9B3E58FB0EFBC8CE9809AE8BF87E5AFB9E4B8ADE59BBDE696B0E99490E59381E7898CE79A84E7AD9BE98089E58F8AE59FB9E8AEADE8B58BE883BDEFBC8CE8AEA9E69BB4E5A49AE69E81E585B7E6BD9CE58A9BE79A84E696B0E99490E59381E7898CE88EB7E5BE97E5BCAFE98193E8B685E8BDA6E79A84E59586E4B89AE69CBAE4BC9AEFBC8CE5AE9EE78EB0E59381E7898CE6A2A6E683B3E38082E69CACE6ACA1E5A4A7E8B59BE4BAA6E98280E8AFB7E588B0E79FA5E5908DE7BE8EE5A6864B4F4CE4B889E4BAA9E5A4A7E58F94E3808140E6A281E4B88AE980B268656E646572736F6EE3808140E7868AE78CABE5A790E5A79050617061E3808140E696BDE6B29BE5B2914361726F6CE68B85E4BBBBE8AF84E5A794EFBC8CE4B8BAE5B9BFE5A4A7E7BD91E58F8BE7A78DE88D89E69C80E6BDAEE696B0E99490E59BBDE8B4A7E58D95E59381E380823C2F68313E);
INSERT INTO `mto_posts_attribute` VALUES ('3', 0x3C703EE3808AE4B880E590BBE5AE9AE68385E3808BE58F88E58F8CE58F92E58F95E8A2ABE7BFBBE68B8DE4BA86EFBC81EFBC81EFBC81E794B1E3808AE68891E79A84E5B091E5A5B3E697B6E4BBA3E3808BE5AFBCE6BC94E99988E78E89E78F8AE59BA2E9989FE580BEE58A9BE68993E980A0E79A84E794B5E5BDB1E78988E3808AE4B880E590BBE5AE9AE68385E3808BE5B086E4BA8E32303139E5B9B4E68385E4BABAE88A82E4B88AE698A0E38082E8BF99E6ACA1E5B086E794B1E69E97E58581E9A5B0E6BC94E58E9FE6B998E790B4EFBC8CE9878DE696B0E6BC94E7BB8EE8BF99E4B8AAE59186E8908CE5B091E5A5B3E5928CE9AB98E586B7E794B7E7A59EE79A84E5A5B3E8BFBDE794B7E788B1E68385E69585E4BA8BEFBC8CE68E90E68C87E4B880E7AE97EFBC8CE587A0E4B8AAE69C88E5908EE5B0B1E883BDE59CA8E5A4A7E88DA7E5B995E4B88AE9878DE6B8A9E8BF99E8BF99E9A297E5B08FE7949CE7B396E595A6EFBC813C2F703E);
INSERT INTO `mto_posts_attribute` VALUES ('4', 0x3C64697620636C6173733D226C656164223EE998BFE78E9BE5B0BCE7BE8EE5A686E5AEA3E5B883E585A8E696B0E8BFB7E68385E68C9AE788B1E9A699E6B0B4E5B086E4BA8EE4B8ADE59BBDE59CB0E58CBAE6ADA3E5BC8FE4B88AE5B882E38082E4B880E59CBAE4B893E4B8BAE8AFA5E6ACBEE9A699E6B0B4E58F91E5B883E8808CE4B8BEE58A9EE79A84E79B9BE5A4A7E4B88AE5B882E6B4BBE58AA8E4BA8EE4B88AE6B5B7E4B8BEE8A18CEFBC8CE59381E7898CE585A8E79083E7BE8EE5A686E4BBA3E8A880E4BABA266D646173683B266D646173683BE5A5A5E696AFE58DA1E5BDB1E5908EE587AFE789B9266D6964646F743BE5B883E585B0E58887E789B9EFBC884361746520426C616E6368657474EFBC89E4BAA6E4BAB2E4B8B4E78EB0E59CBAEFBC8CE585B1E5908CE68FADE5B995E59381E7898CE585A8E696B0E9A699E6B0B4E4BAA7E59381E380823C2F6469763E0D0A3C703E3C696D67207372633D22687474703A2F2F7777772E796F6B612E636F6D2F646E612F706963732F62613165313131332F312F643364373737333165353763333961613935312E6A70672220616C743D22E585A8E696B0E8BFB7E68385E68C9AE788B1E9A699E6B0B4E4B88AE5B882E6B4BBE58AA822202F3E3C656D3EE585A8E696B0E8BFB7E68385E68C9AE788B1E9A699E6B0B4E4B88AE5B882E6B4BBE58AA83C2F656D3E3C2F703E0D0A3C703EE998BFE78E9BE5B0BCE7BE8EE5A686E789B9E98280E5AA92E4BD93E38081E59889E5AEBEE58F8AE59381E7898CE5A5BDE58F8BE587BAE5B8ADE4BA86E69CACE6ACA1E4B88AE5B882E6B4BBE58AA8EFBC8CE8A781E8AF81E5B9B6E78E87E58588E6849FE58F97E5B086E4BA8EE58DB3E697A5E6ADA3E5BC8FE58F91E5B883E79A84E585A8E696B0E8BFB7E68385E68C9AE788B1E9A699E6B0B4E79A84E78BACE789B9E9AD85E58A9BE38082E6B4BBE58AA8E78EB0E59CBAEFBC8CE69BB4E69C89E89197E5908DE6AD8CE6898BE69D8EE78E9FEFBC88436F636F204C6565EFBC89E997AAE88080E78EB0E8BAABEFBC8CE4BBA5E585B6E783ADE58A9BE59B9BE5B084E79A84E8A1A8E6BC94E4B88EE59CA8E59CBAE59889E5AEBEE585B1E5908CE5BA86E7A59DE8BF99E4B880E79EA9E79BAEE697B6E588BBE380823C2F703E0D0A3C703E3C696D67207372633D22687474703A2F2F7777772E796F6B612E636F6D2F646E612F706963732F62613165313131332F312F643364373737333165356531333361633962312E6A70672220616C743D22E587AFE789B9266D6964646F743BE5B883E585B0E58887E789B9EFBC884361746520426C616E6368657474EFBC89E88E85E4B8B4E998BFE78E9BE5B0BCE4B88AE6B5B7E6B4BBE58AA8E78EB0E59CBA22202F3E3C656D3EE587AFE789B9266D6964646F743BE5B883E585B0E58887E789B9EFBC884361746520426C616E6368657474EFBC89E88E85E4B8B4E998BFE78E9BE5B0BCE4B88AE6B5B7E6B4BBE58AA8E78EB0E59CBA3C2F656D3E3C2F703E0D0A3C703E3C696D67207372633D22687474703A2F2F7777772E796F6B612E636F6D2F646E612F706963732F62613165313131332F312F643364373737333165353961616561393962312E6A706722202F3E3C2F703E0D0A3C703EE998BFE78E9BE5B0BCE7BE8EE5A686E585A8E696B0E58F91E5B883E79A84E8BFB7E68385E68C9AE788B1E9A699E6B0B4E69BB4E4B8B0E5AF8CE4BA86E7BAA2E889B2E68C9AE788B1E68980E887B4E695ACE79A84E78EB0E4BBA3E5A5B3E680A7E79A84E68385E6849FE5AEA3E8A880266D646173683B266D646173683BE8AFB420796573202853266967726176653B29EFBC8CE59D9AE5AE9AE8808CE5BCBAE78388E380823C2F703E0D0A3C703E3C696D67207372633D22687474703A2F2F7777772E796F6B612E636F6D2F646E612F706963732F62613165313131332F312F643364373737333165353964623331336363312E6A706722202F3E3C2F703E0D0A3C703EE6ADA3E5A682E998BFE78E9BE5B0BCE59381E7898CE5889BE5A78BE4BABAE4B994E6B2BB266D6964646F743BE998BFE78E9BE5B0BCEFBC8847696F7267696F2041726D616E69EFBC89E69BBEE8A1A8E8BEBEE8BF87E6ADA4E6ACA1E585A8E696B0E4B88AE5B882E79A84E8BFB7E68385E68C9AE788B1E9A699E6B0B4E59CA8E4BB96E5BF83E79BAEE4B8ADE4B88DE58FAFE69BBFE4BBA3E79A84E59CB0E4BD8DEFBC9A266C6471756F3B53266967726176653BE8A1A8E8BEBEE4BA86E68891E5AFB9E78EB0E4BBA3E5A5B3E680A7E79A84E695ACE6848FEFBC8CE5A5B9E4BBACE698AFE4BC98E99B85E38081E59D9AE99FA7E5928CE78BACE7AB8BE7B2BEE7A59EE79A84E7BB93E59088E4BD93E3808226726471756F3B3C2F703E0D0A3C703E3C696D67207372633D22687474703A2F2F7777772E796F6B612E636F6D2F646E612F706963732F62613165313131332F312F643364373737333165646161336431356561312E6A706722202F3E3C2F703E0D0A3C703EE999A4E4BA86E5A4A7E9AD94E78E8BE587AFE789B9266D6964646F743BE5B883E585B0E58887E789B9EFBC884361746520426C616E6368657474EFBC89E9A696E5BAA6E88E85E4B8B4E4B88AE6B5B7E6B4BBE58AA8E78EB0E59CBAEFBC8CE998BFE78E9BE5B0BCE585A8E79083E5BDA9E5A686E5A4A7E4BDBFE9929FE6A59AE69BA6E38081E6988EE6989FE98391E681BAE38081E5BCA0E4BDB3E5AE81E7AD89E8B685E5A49AE6988EE6989FE8BEBEE4BABAE7BAB7E7BAB7E69DA5E68993E58DA1EFBC8CE8BF91E8B79DE7A6BBE6849FE58F97E69DA5E887AAE998BFE78E9BE5B0BCE7BAA2E889B2E68C9AE788B1E99D9EE5908CE4B880E888ACE79A84E78783E68385E9AD85E58A9BEFBC813C2F703E0D0A3C703E3C696D67207372633D22687474703A2F2F7777772E796F6B612E636F6D2F646E612F706963732F62613165313131332F312F643364373737333165646164633531396239312E6A70672220616C743D22E998BFE78E9BE5B0BCE585A8E79083E5BDA9E5A686E5A4A7E4BDBFE9929FE6A59AE69BA622202F3E3C656D3EE998BFE78E9BE5B0BCE585A8E79083E5BDA9E5A686E5A4A7E4BDBFE9929FE6A59AE69BA63C2F656D3E3C2F703E0D0A3C703E3C696D67207372633D22687474703A2F2F7777772E796F6B612E636F6D2F646E612F706963732F62613165313131332F312F643364373737333165643135623562633362312E6A70672220616C743D22E6988EE6989FE5BCA0E4BDB3E5AE8122202F3E3C656D3EE6988EE6989FE5BCA0E4BDB3E5AE813C2F656D3E3C2F703E0D0A3C703E3C696D67207372633D22687474703A2F2F7777772E796F6B612E636F6D2F646E612F706963732F62613165313131332F312F643364373737333165646235316162393964312E6A70672220616C743D22E6988EE6989FE98391E681BA22202F3E3C656D3EE6988EE6989FE98391E681BA3C2F656D3E3C2F703E0D0A3C703E3C696D67207372633D22687474703A2F2F7777772E796F6B612E636F6D2F646E612F706963732F62613165313131332F312F643364373737333165646331356533393365312E6A70672220616C743D22E6988EE6989FE69DA8E697ADE6968722202F3E3C656D3EE6988EE6989FE69DA8E697ADE696873C2F656D3E3C2F703E0D0A3C703E3C696D67207372633D22687474703A2F2F7777772E796F6B612E636F6D2F646E612F706963732F62613165313131332F312F643364373737333165646364396263626363312E6A70672220616C743D22E998BFE78E9BE5B0BCE8BFB7E68385E68C9AE788B1E9A699E6B0B4E4B8ADE59BBDE59CB0E58CBAE585A8E696B0E4B88AE5B88222202F3E3C656D3EE998BFE78E9BE5B0BCE8BFB7E68385E68C9AE788B1E9A699E6B0B4E4B8ADE59BBDE59CB0E58CBAE585A8E696B0E4B88AE5B8823C2F656D3E3C2F703E0D0A3C703EE59CA8E6848FE5A4A7E588A9E8AFADE9878CEFBC8C205369E698AF266C6471756F3BE698AF26726471756F3BEFBC8C50617373696F6E65E698AF266C6471756F3BE783ADE6838526726471756F3BEFBC8CE698AFE4B880E7A78DE782BDE783ADE79A84E68385E6849FEFBC9BE698AFE58B87E695A2E697A0E7958FEFBC9BE698AFE78E87E680A7E69E9CE696ADEFBC9BE5B0BDE68385E4BAABE58F97E7949FE6B4BBE3808253692050617373696F6E65E8BFB7E68385E68C9AE788B1E9A699E6B0B4EFBC8CE9878AE694BEE68C9AE788B1E5A5B3E680A7E79A84E78BACE69C89E59D9AE99FA7E887AAE4BFA1E5928CE5A5B3E680A7E9AD85E58A9BE38082E68385E6849FE782BDE783ADE8808CE6B593E78388E79A84E9A699E8B083EFBC8CE4BBBFE4BD9BE4B880E6AEB5E68385E6849FE5AEA3E8A880266D646173683B266D646173683BE5A5B9E8AFB47965732028536929EFBC8CE59D9AE5AE9AE8808CE5BCBAE78388E380823C2F703E0D0A3C703E266E6273703B3C2F703E0D0A3C703E3C7374726F6E673EE585A8E68385E4BBA5E8B5B43C2F7374726F6E673E3C2F703E0D0A3C703EE8BFB7E68385E68C9AE788B1E9A699E6B0B4E5B086E998BFE78E9BE5B0BCE79A84E6A087E5BF97E680A7E5A5B3E5A3ABE9A699E6B09BE5B195E78EB0E79A84E6B78BE6BC93E5B0BDE887B4EFBC8CE4B880E5A682E998BFE78E9BE5B0BCE58588E7949FE68980E8A880EFBC8CE698AF266C6471756F3BE7A4BCE8B59EE4BC98E99B85E38081E59D9AE99FA7E38081E78BACE7AB8BE4B889E4BD8DE4B880E4BD93E79A84E78EB0E4BBA3E5A5B3E680A7EFBC8CE4BBA4E4BABAE6B0B8E5BF97E99ABEE5BF9826726471756F3BE38082E8BFB7E68385E68C9AE788B1EFBC8CE585A8E68385E8AFA0E9878AE5A5B3E680A7E69E81E887B4E9AD85E58A9BEFBC8CE9B29CE6B4BBE8808CE781B5E58AA8EFBC8CE4B88EE4BC97E4B88DE5908CE380823C2F703E0D0A3C703EE8BFB7E68385E68C9AE788B1E9A699E6B0B4E794A8E5BD93E4BBA3E6898BE6B395E9878DE78EB0E78EB0E4BBA3E9A38EE68385E5928CE6B593E68385E6B094E681AFEFBC8CE5AE9AE4B989E5BD93E4BBA3E5A5B3E680A7E7BE8EE79A84E585B8E88C83E38082E5A5B9E697A0E7958FE38081E5A4A7E88386E4B894E69E9CE696ADE38082E5A5B9EFBC8CE695A2E4BA8EE68EA5E7BAB3E4B880E58887EFBC8CE5A5B9E8AFB47965732028536929E380823C2F703E0D0A3C703E3C7374726F6E673EE7BAA2E889B2E68C9AE788B13C2F7374726F6E673E3C2F703E0D0A3C703EE7BAA2E889B2EFBC8C20E8B58BE4BA88E8BFB7E68385E68C9AE788B1E9A699E6B0B4E789B9E69C89E79A84E782BDE783ADE68385E6849FEFBC8CE4BAA6E698AFE78BACE588B0E79A84E6849FE5AE98E4BD93E9AA8CEFBC8CE69BB4E698AFE68385E8BFB7E68C9AE788B1E68980E59188E78EB0E79A84E69CACE79C9FE593B2E5ADA6E38082266C6471756F3B526F73736F20636F6D65207365676E6F2064693C2F703E0D0A3C703E766974616C6974266167726176653B2E526F73736F20636F6D65207365676E616C652064692070617373696F6E652E526F73736F2062656E6561677572616E7465206520706F73697469766F2E26726471756F3B20E998BFE78E9BE5B0BCE58588E7949FE8BF99E6A0B7E8AFB4E98193E38082266C6471756F3BE7BAA2E889B2E698AFE6B4BBE58A9BEFBC8CE7BAA2E889B2E698AFE6BF80E68385E38082E7BAA2E889B2E698AFE7BAAFE7B2B9E79C9FE68891EFBC8CE7BAA2E889B2E8B1A1E5BE81E79D80E5A5BDE8BF90E5928CE7A7AFE69E81E3808226726471756F3B3C2F703E0D0A3C703EE7BAA2E889B2EFBC8CE698AFE6BF80E68385E4B88EE788B1E68385E79A84E889B2E5BDA9266D646173683B266D646173683BE8AEA9E4BABAE5BF83E8B7B3E58AA0E9809FE79A84E8BFB7E68385E68C9AE788B1E380823C2F703E0D0A3C703E3C696D67207372633D22687474703A2F2F7777772E796F6B612E636F6D2F646E612F706963732F62613165313131332F312F643364373737333165643563353963646562312E6A70672220616C743D22E998BFE78E9BE5B0BCE8BFB7E68385E68C9AE788B1E9A699E6B0B422202F3E3C656D3EE998BFE78E9BE5B0BCE8BFB7E68385E68C9AE788B1E9A699E6B0B43C2F656D3E3C2F703E0D0A3C703E3C7374726F6E673EE585A8E696B0E9A699E8B083E8AFA0E9878AE8BFB7E68385E68C9AE788B13C2F7374726F6E673E3C2F703E);
INSERT INTO `mto_posts_attribute` VALUES ('5', 0x3C21444F43545950452068746D6C3E0D0A3C68746D6C3E0D0A3C686561643E0D0A3C2F686561643E0D0A3C626F64793E0D0A3C703EE6ACA7E78F80E88EB1E697B6E58589E99481E7B4A7E887B4E5A191E9A29CE7B3BBE5889720E68A97E79AB1E7B4A7E5AE9EE79CBCE99C9CE5BF83E5BE973C2F703E0D0A3C703EE8BDACE79CBCE997B4E5B7B2E7BB8F3237E5B281E4BA86EFBC8CE68A97E8A1B0E88081E5A4A7E4BBBBE4B99FE4B88DE79FA5E4B88DE8A789E890BDE59CA8E4BA86E882A9E4B88AE38082E983BDE8AFB43235E5B281E4B98BE5908EE5B0B1E8A681E5BC80E5A78BE68A97E5889DE88081E4BA86EFBC8CE68891E4BB8E3232E5B281E5BC80E5A78BE4BDBFE794A8E79CBCE99C9CEFBC8CE4BB8EE69C80E6B885E788BDE79A84E595ABE596B1E8B4A8E59CB0E5BC80E5A78BE588B0E78EB0E59CA8E79A84E6BB8BE585BBE58E9AE9878DE59E8BE79CBCE99C9CEFBC8CE4B99FE7AE97E698AFE7BB8FE58E86E4BA86E6AF94E8BE83E5A49AE79A84E59381E7898CEFBC8CE4B88DE5BE97E4B88DE8AFB4EFBC8CE6ACA7E78F80E88EB1E8BF99E6ACBEE697B6E58589E99481E7B4A7E887B4E5A191E9A29CE7B3BBE58897E68A97E79AB1E7B4A7E5AE9EE79CBCE99C9CE698AFE68891E794A8E8BF87E69C80E4B8BAE58E9AE9878DE79A84E79CBCE99C9CEFBC8CE5889AE68BBFE588B0E5AE83E79A84E697B6E58099EFBC8CE68891E698AFE69C89E782B9E68B85E5BF83E887AAE5B7B1E79A84E79CBCE79D9BE689BFE58F97E4B88DE4BA86E5A682E6ADA4E58E9AE9878DE79A84E79CBCE99C9CE79A84EFBC8CE68B85E5BF83E4BC9AE8AEA9E79CBCE5A686E5AEB9E69893E88AB1EFBC8CE7949AE887B3E69C89E68B85E5BF83E4BC9AE4B88DE4BC9AE995BFE88482E882AAE7B292E38082E4BD86E698AFE8AF95E794A8E587A0E5A4A9E4B88BE69DA5EFBC8CE8A789E5BE97E887AAE5B7B1E79A84E68B85E5BF83E5AE8CE585A8E698AFE6B2A1E5BF85E8A681E79A84E38082E8BF99E6ACBEE79CBCE99C9CE899BDE784B6E8B4A8E59CB0E58E9AE9878DEFBC8CE4BD86E698AFE590B8E694B6E79A84E5BE88E5BFABEFBC8CE68891E6AF8FE6ACA1E8AF95E794A8E4BC9AE59CA8E68C87E5B096E89E8DE58C96E5908EE5868DE4B88AE79CBCEFBC8CE9858DE59088E68C89E691A9E68C87E6B395EFBC8CE5B8AEE58AA9E79CBCE99C9CE590B8E694B6EFBC8CE5908CE697B6E7968FE9809AE880B3E5908EE6B78BE5B7B4E38082E5A4A7E5AEB6E58FAFE79C8BE79C8BE68891E59CA8E6898BE4B88AE8AF95E794A8E79CBCE99C9CE79A84E5AFB9E6AF94E59BBEEFBC8CE5BE88E5AEB9E69893E68EA8E5BC80EFBC8CE5B9B6E4B894E4B88DE4BC9AE8A789E5BE97E6B2B9E885BBE58E9AE9878DEFBC8CE799BDE5A4A9E794A8E4BA86E79CBCE99C9CE4B98BE5908EE79CBCE5A686E5BE88E69C8DE5B896EFBC8CE4B99FE5B9B6E4B88DE4BC9AE587BAE78EB0E884B1E5A686E587BAE6B2B9E78EB0E8B1A1EFBC8CE69BB4E4B88DE8A681E8AFB4E995BFE88482E882AAE7B292E4BA86EFBC8CE5AEB9E69893E995BFE88482E882AAE7B292E79A84E5908CE5ADA6EFBC8CE695B2E9BB91E69DBFE58892E9878DE782B9E4BA86EFBC9AE68C89E691A9E6898BE6B395E79C9FE79A84E5BE88E9878DE8A681EFBC8CE8AEA4E79C9FE68C89E691A9E88482E882AAE7B292E4BC9AE5A5BDE5BE88E5A49AE79A84E38082E8BF99E6ACBEE79CBCE99C9CE5908CE6A0B7E98082E59088E6999AE4B88AE5BD93E5819AE79CBCE983A8E5A49CE99C9CE4BDBFE794A8EFBC8CE59BA0E4B8BAE8B6B3E5A49FE6BB8BE585BBEFBC8CE58FAFE4BBA5E4B8BAE79AAEE882A4E68F90E4BE9BE8B6B3E5A49FE79A84E585BBE58886E38082E6ACA7E78F80E88EB1E79A84E59381E8B4A8E4B880E5A682E697A2E5BE80EFBC8CE588ABE79A84E4B88DE5A49AE8AFB4EFBC8CE68891E8B5B6E7B4A7E8B681E79D80E58F8CE58D81E4B880E59BA4E782B9E8B4A7E4BA867E3C696D67207372633D22687474703A2F2F7777772E796F6B612E636F6D2F646E612F706963732F62613165313161392F312F643364373733656537633165353535616331332E6A706722202F3E3C6272202F3E3C696D67207372633D22687474703A2F2F7777772E796F6B612E636F6D2F646E612F706963732F62613165313161392F312F643364373733656537636263653135333939332E6A706722202F3E3C6272202F3E3C696D67207372633D22687474703A2F2F7777772E796F6B612E636F6D2F646E612F706963732F62613165313161392F312F643364373733656537633331626335376437332E6A706722202F3E3C6272202F3E3C696D67207372633D22687474703A2F2F7777772E796F6B612E636F6D2F646E612F706963732F62613165313161392F312F643364373733656537633337336264313163332E6A706722202F3E3C6272202F3E3C696D67207372633D22687474703A2F2F7777772E796F6B612E636F6D2F646E612F706963732F62613165313161392F312F643364373733656537636333336564636431332E6A706722202F3E3C6272202F3E3C696D67207372633D22687474703A2F2F7777772E796F6B612E636F6D2F646E612F706963732F62613165313161392F312F643364373733656537636339393764653365332E6A706722202F3E3C6272202F3E3C696D67207372633D22687474703A2F2F7777772E796F6B612E636F6D2F646E612F706963732F62613165313161392F312F643364373733656537633564626237313935332E6A706722202F3E3C6272202F3E3C696D67207372633D22687474703A2F2F7777772E796F6B612E636F6D2F646E612F706963732F62613165313161392F312F643364373733656537636431373937353163332E6A706722202F3E3C2F703E0D0A3C2F626F64793E0D0A3C2F68746D6C3E);
INSERT INTO `mto_posts_attribute` VALUES ('6', 0x3C21444F43545950452068746D6C3E0D0A3C68746D6C3E0D0A3C686561643E0D0A3C2F686561643E0D0A3C626F64793E0D0A3C64697620636C6173733D22646F75626C655F71756F746573223E0D0A3C6469763EE5B091E5A5B3E6849FE587A0E4B98EE68890E4BA86E6AF8FE4B8AAE5B08FE4BB99E5A5B3E79A84E8BFBDE6B182EFBC8CE5BD93E784B6E68891E4BBACE6B2A1E58A9EE6B395E998BBE6ADA2E5B281E69C88E5AFB9E68891E4BBACE8BAABE4BD93E4B88EE8828CE882A4E79A84E6B497E7A4BCEFBC8CE680BBE69C89E4B880E5A4A9E884B8E4B88AE4BC9AE68284E68284E79A84E788ACE4B88AE79AB1E7BAB9EFBC8CE7BABFE69DA1E4BC9AE98090E6B890E69DBEE5BC9B2668656C6C69703B2668656C6C69703BE5B08FE7BC96E8BF99E9878CE683B3E8AFB4E79A84E5B091E5A5B3E6849FE4B88DE698AFE79BB2E79BAEE79A84E8BFBDE6B182266C6471756F3BE99BB6E79AB1E7BAB926726471756F3BEFBC8CE8BDAEE5BB93E38081E7BABFE69DA1E4B88DE887AAE784B6E79A84E7B4A7E887B4EFBC8CE8BF99E6A0B7E58FAAE4BC9AE8AEA9E4BDA0E79C8BE8B5B7E69DA5E69C89E7A78DE884B1E7A6BBE5B9B4E9BE84E79A84E680AAE5BC82E6849FE380823C2F6469763E0D0A3C2F6469763E0D0A3C64697620636C6173733D2274657874436F6E223E0D0A3C703EE79AB1E7BAB9E68896E8AEB8E6B2A1E58A9EE6B395E6B0B8E4B985E6B688E999A4EFBC8CE4BD86E5A682E69E9CE98082E697B6E79A84E587BAE78EB0EFBC8CE4B88DE4BB85E4BC9AE5A29EE58AA0E5A5B3E680A7E5B281E69C88E79A84E6B289E6B780E4BBA5E58F8AE4B8AAE4BABAE79A84E9AD85E58A9BEFBC8CE8BF98E4BC9AE8AEA9E4BABAE79C8BE4B88AE58EBBE69BB4E4BAB2E58887E593A6E38082E69C89E7A094E7A9B6E8B083E69FA5E698BEE7A4BAEFBC8CE7AC91E7BAB9E6AF94E79C89E5A4B4E7BAB9E79C8BE4B88AE58EBBE69BB4E69C89E4BAB2E58887E6849FE38082E68980E4BBA5E5B08FE7BC96E683B3E8A681E8AFB4E79A84E5B091E5A5B3E6849FE698AFE4B88EE887AAE8BAABE79BB8E58CB9E9858DE79A84EFBC8CE4BD86E79C8BE4B88AE58EBBE69BB4E5B9B4E8BDBBE79A84E6849FE8A789EFBC8CE683B3E8A681E8BEBEE588B0E8BF99E7A78DE887AAE784B6E695A3E58F91E79A84E5B091E5A5B3E6849FEFBC8CE99C80E8A681E585B7E5A487E593AAE587A0E9A1B9E59BA0E7B4A0E591A2EFBC9F3C2F703E0D0A3C703E3C7374726F6E673EE5B091E5A5B3E6849FE5BF85E5A487E59BA0E7B4A0E4B98BE4B880EFBC9AE9A5B1E6BBA1E79A84E8828CE882A43C2F7374726F6E673E3C2F703E0D0A3C703E3C7374726F6E673EE4BBA3E8A1A8E4BABAE789A9EFBC9AE8B4BEE99D99E99BAF3C2F7374726F6E673E3C2F703E0D0A3C64697620636C6173733D226564697465725F706963223E3C6120687265663D22687474703A2F2F7777772E796F6B612E636F6D2F6265617574792F736B696E636172652F323031382F313231342F35323538303230313039373931392E7368746D6C223E3C696D67207469746C653D22E59BBEE78987E69DA5E6BA9020E8B4BEE99D99E99BAFE5BEAEE58D9A22207372633D22687474703A2F2F7031302E796F6B6163646E2E636F6D2F7069632F594F4B412F323031382D31322D31342F55313030343750315453313534343736313534385F38323132362E6A70672220616C743D22E59BBEE78987E69DA5E6BA9020E8B4BEE99D99E99BAFE5BEAEE58D9A22202F3E3C2F613E3C656D3EE59BBEE78987E69DA5E6BA9020E8B4BEE99D99E99BAFE5BEAEE58D9A3C2F656D3E3C2F6469763E0D0A3C64697620636C6173733D226564697465725F706963223E3C6120687265663D22687474703A2F2F7777772E796F6B612E636F6D2F6265617574792F736B696E636172652F323031382F313231342F35323538303230313039373931392E7368746D6C223E3C696D67207469746C653D22E59BBEE78987E69DA5E6BA9020E8B4BEE99D99E99BAFE5BEAEE58D9A22207372633D22687474703A2F2F70372E796F6B6163646E2E636F6D2F7069632F594F4B412F323031382D31322D31342F55313030343750315453313534343736313534365F36373632312E6A70672220616C743D22E59BBEE78987E69DA5E6BA9020E8B4BEE99D99E99BAFE5BEAEE58D9A22202F3E3C2F613E3C656D3EE59BBEE78987E69DA5E6BA9020E8B4BEE99D99E99BAFE5BEAEE58D9A3C2F656D3E3C2F6469763E0D0A3C703EE69C80E8BF91E8B4BEE99D99E99BAFE5928CE4BFAEE69DB0E6A5B7E8A1A5E58A9EE5A99AE7A4BCEFBC8CE58F91E587BAE69DA5E79A84E5A99AE7BAB1E785A7EFBC8CE8B081E4BFA1E5A5B9E698AFE4B889E4B8AAE5ADA9E5AD90E79A84E5A688EFBC8CE8A681E8AFB4E5A5B93138E5B281E68891E4B99FE4BFA1EFBC81E8B4BEE99D99E99BAFE79A84E884B8E59E8BE4B880E79BB4E4B88DE698AFE58F97E9959CE5A4B4E5969CE788B1E79A8456E59E8BE884B8EFBC8CE5B9B4E8BDBBE79A84E697B6E58099E8BF98E69C89E4B880E782B9E5A9B4E584BFE882A5EFBC8CE4BD86E698AFE7BB8FE8BF87E697B6E997B4E6B497E7A4BCE4B98BE5908EEFBC8CE5A5B9E79A84E8828CE882A4E7AB9FE784B6E8BF98E698AFE8BF99E4B988E9A5B1E6BBA1EFBC8CE58DB3E4BDBFE79CBCE5B0BEE69C89E4B880E4BA9BE7BAB9E8B7AFE4B99FE68CA1E4B88DE4BD8FE5A5B9E8B68AE69DA5E8B68AE5B091E5A5B3E79A846665656CEFBC813C2F703E0D0A3C703E3C7374726F6E673EE8828CE882A4E68AA4E79086E8A681E7B4A0EFBC9A3C2F7374726F6E673E3C7374726F6E673EE6BF80E6B4BBE99DA2E983A8E7BB86E8839E3C2F7374726F6E673E3C2F703E0D0A3C703EE99A8FE79D80E5B9B4E9BE84E79A84E5A29EE995BFEFBC8CE68891E4BBACE8828CE882A4E79A84E696B0E99988E4BBA3E8B0A2E4BC9AE685A2E685A2E5878FE7BC93EFBC8CE8828CE882A4E7BB86E8839EE58899E8B68AE69DA5E8B68AE5B9B2E798AAE6B2A1E6B4BBE58A9BEFBC8CE99A8FE4B98BE8808CE69DA5E79A84E5B0B1E698AFE69DBEE5BC9BE38081E4B88BE59E82E38082E98089E794A8E98082E5BD93E79A84E68AA4E882A4E4BAA7E59381E6BF80E6B4BBE8828CE882A4E7BB86E8839EEFBC8CE8AEA9E7BB86E8839EE9878DE88EB7E6B4BBE58A9BEFBC8CE5B0B1E58FAFE4BBA5E5B8AEE58AA9E8828CE882A4E8BEBEE588B0E9A5B1E6BBA1E38081E7B4A7E887B4E69C89E58589E6B3BDE79A84E78AB6E68081E380823C2F703E0D0A3C703E3C7374726F6E673EE68EA8E88D90E4BAA7E59381EFBC9A3C2F7374726F6E673E3C2F703E0D0A3C64697620636C6173733D226564697465725F706963223E3C6120687265663D22687474703A2F2F7777772E796F6B612E636F6D2F6265617574792F736B696E636172652F323031382F313231342F35323538303230313039373931392E7368746D6C223E3C696D67207469746C653D22E9A699E5A588E584BFE5A5A2E58D8EE7B2BEE89083E8BDBBE79B88E4B9B3E99C9C2020524D42333330302F35306722207372633D22687474703A2F2F70362E796F6B6163646E2E636F6D2F7069632F594F4B412F323031382D31322D31342F55313030343750315453313534343736313535325F34313439302E6A70672220616C743D22E9A699E5A588E584BFE5A5A2E58D8EE7B2BEE89083E8BDBBE79B88E4B9B3E99C9C2020524D42333330302F35306722202F3E3C2F613E3C656D3EE9A699E5A588E584BFE5A5A2E58D8EE7B2BEE89083E8BDBBE79B88E4B9B3E99C9C20524D42333330302F3530673C2F656D3E3C2F6469763E0D0A3C703EE8BF99E6ACBEE8A2ABE7A7B0E4BD9C23E98791E7A096E99DA2E99C9C23E79A84E9A699E5A588E584BFE5A5A2E58D8EE7B2BEE89083E4B9B3E99C9CE698AFE9A699E5A588E584BFE5A5A2E58D8EE7B2BEE89083E7B3BBE58897E79A84E6988EE6989FE4BAA7E59381EFBC8CE9878CE99DA2E68980E590ABE79A84E68890E58886E69DA5E887AAE9A9ACE8BEBEE58AA0E696AFE58AA0E4BA94E69C88E9A699E88D89E88D9AE69E9CE4B8ADE79A84E79EACE697B6E6B4BBE680A7E68890E58886EFBC8CE9809AE8BF87E9AB98E7A791E68A80E6898BE6AEB5E4BF9DE79599E8BF99E7A78DE68890E58886E79A84E69C80E5A4A7E6B4BBE680A7EFBC8CE7BB99E8828CE882A4E8BE93E98081E6BA90E6BA90E4B88DE696ADE79A84E8B58BE6B4BBE58A9FE69588EFBC8CE8AEA9E8828CE882A4E697A5E79B8AE9A5B1E6BBA1E38081E7B4A7E887B4E38081E69C89E58589E6B3BDE38082E8BF99E6ACBE23E98791E7A096E99DA2E99C9C23E69C89E8BDBBE79B88E38081E6BB8BE585BBE4B8A4E7A78DE8B4A8E59CB0EFBC8CE4B88DE7AEA1E4BDA0E5969CE6ACA2E6B885E696B0E69893E89E8DE8BF98E698AFE4B8B0E6B6A6E7BBB5E5AF86EFBC8CE983BDE58FAFE4BBA5E8BEBEE588B0E4BDA0E79A84E8A681E6B182E380823C2F703E0D0A3C703E3C7374726F6E673EE5B091E5A5B3E6849FE5BF85E5A487E59BA0E7B4A0E4B98BE4B880EFBC9AE6988EE4BAAEE79A84E79CBCE79D9B3C2F7374726F6E673E3C2F703E0D0A3C703E3C7374726F6E673EE4BBA3E8A1A8E4BABAE789A9EFBC9AE8AEB8E699B43C2F7374726F6E673E3C2F703E0D0A3C64697620636C6173733D226564697465725F706963223E3C6120687265663D22687474703A2F2F7777772E796F6B612E636F6D2F6265617574792F736B696E636172652F323031382F313231342F35323538303230313039373931392E7368746D6C223E3C696D67207469746C653D22E59BBEE78987E69DA5E6BA9020E8AEB8E699B4E5BEAEE58D9A22207372633D22687474703A2F2F70332E796F6B6163646E2E636F6D2F7069632F594F4B412F323031382D31322D31342F55313030343750315453313534343736313534375F32363135382E6A70672220616C743D22E59BBEE78987E69DA5E6BA9020E8AEB8E699B4E5BEAEE58D9A22202F3E3C2F613E3C656D3EE59BBEE78987E69DA5E6BA9020E8AEB8E699B4E5BEAEE58D9A3C2F656D3E3C2F6469763E0D0A3C64697620636C6173733D226564697465725F706963223E3C6120687265663D22687474703A2F2F7777772E796F6B612E636F6D2F6265617574792F736B696E636172652F323031382F313231342F35323538303230313039373931392E7368746D6C223E3C696D67207469746C653D22E59BBEE78987E69DA5E6BA9020E8AEB8E699B4E5BEAEE58D9A22207372633D22687474703A2F2F7031302E796F6B6163646E2E636F6D2F7069632F594F4B412F323031382D31322D31342F55313030343750315453313534343736313534355F33363138332E6A70672220616C743D22E59BBEE78987E69DA5E6BA9020E8AEB8E699B4E5BEAEE58D9A22202F3E3C2F613E3C656D3EE59BBEE78987E69DA5E6BA9020E8AEB8E699B4E5BEAEE58D9A3C2F656D3E3C2F6469763E0D0A3C703EE8AFB4E588B0E6988EE4BAAEE79A84E79CBCE79D9BEFBC8CE8AEB8E699B4E58FAFE4BBA5E8AFB4E698AFE7ACACE4B880E4BABAE38082E4B88DE7AEA1E5A5B9E5AFB9E99DA2E7AB99E79A84E4BABAE698AFE794B7E7949FE8BF98E698AFE5A5B3E7949FEFBC8CE5A5B9E79C8BE4BABAE79A84E79CBCE7A59EE680BBE698AFE4BAAEE4BAAEE79A84EFBC8CE79CBCE79D9BE9878CE680BBE5838FE698AFE4BD8FE6BBA1E4BA86E6989FE6989FE4B880E6A0B7E38082E5A5B9E7AC91E8B5B7E69DA5E79CBCE79D9BE5BCAFE5BCAFE79A84EFBC8CE7BB99E4BABAE4B880E7A78DE58F88E4BAB2E58887E58F88E58FAFE788B1E79A84E6849FE8A789E38082E58DB3E4BDBFE585A8E7BD91E59090E6A7BDE5A5B9E79A84E585ACE4B8BBE79785EFBC8CE5B08FE7BC96E4B99FE5AFB9E5A5B9E8AEA8E58E8CE4B88DE8B5B7E69DA5EFBC8CE5BFAB3530E5B281E79A84E4BABAE6B4BBE68890E8BF99E6A0B7EFBC8CE585ACE4B8BBE79785E6808EE4B988E4BA86EFBC8CE8AEB8E699B4E8BF98E698AFE5B08FE585ACE4B8BEE69CACE4B8BEE591A2EFBC813C2F703E0D0A3C703E3C7374726F6E673EE8828CE882A4E68AA4E79086E8A681E7B4A0EFBC9AE68F90E58D872BE68AA4E79CBC3C2F7374726F6E673E3C2F703E0D0A3C703EE5A4A7E5A49AE695B0E5B08FE4BB99E5A5B3E4BBACE983BDE794A8E79CBCE8BF87E5BAA6EFBC8CE4B88DE698AFE79CBCE79D9BE9878CE5B883E6BBA1E8A180E4B89DEFBC8CE5B0B1E698AFE79CBCE5B0BEE7BB86E7BAB9E4B8A5E9878DE68896E698AFE79CBCE4B88BE99D92E9BB91E38082E5BD93E4BDA0E8A789E5BE97E79CBCE79D9BE69C89E4B88DE88892E69C8DE79A84E68385E586B5E697B6EFBC8CE4B880E5AE9AE8A681E794A8E6B497E79CBCE6B6B2E6B885E6B497E4B880E4B88BE79CBCE79D9BE38082E5B9B6E4B894E6AF8FE591A8E4B8A4E6ACA1E5AF86E99B86E68AA4E79086E79CBCE983A8EFBC8CE69C80E5A5BDE79A84E696B9E5BC8FE5B0B1E698AFE794A8E79CBCE8869CE380823C2F703E0D0A3C64697620636C6173733D226E6176546167223E266E6273703B3C2F6469763E0D0A3C2F6469763E0D0A3C2F626F64793E0D0A3C2F68746D6C3E);

-- ----------------------------
-- Table structure for `mto_users`
-- ----------------------------
DROP TABLE IF EXISTS `mto_users`;
CREATE TABLE `mto_users` (
  `id` bigint(20) NOT NULL AUTO_INCREMENT,
  `created` datetime DEFAULT NULL,
  `email` varchar(128) DEFAULT NULL,
  `last_login` datetime DEFAULT NULL,
  `mobile` varchar(11) DEFAULT NULL,
  `password` varchar(32) DEFAULT NULL,
  `status` int(11) NOT NULL,
  `username` varchar(64) DEFAULT NULL,
  `name` varchar(64) DEFAULT NULL,
  `avatar` varchar(255) DEFAULT '/assets/images/ava/default.png',
  `updated` datetime DEFAULT NULL,
  `gender` int(11) NOT NULL,
  `role_id` int(11) DEFAULT NULL,
  `source` int(11) NOT NULL,
  `active_email` int(11) DEFAULT NULL,
  `comments` int(11) NOT NULL,
  `fans` int(11) NOT NULL,
  `favors` int(11) NOT NULL,
  `follows` int(11) NOT NULL,
  `posts` int(11) NOT NULL,
  `signature` varchar(255) DEFAULT NULL,
  PRIMARY KEY (`id`)
) ENGINE=InnoDB AUTO_INCREMENT=3 DEFAULT CHARSET=utf8;

-- ----------------------------
-- Records of mto_users
-- ----------------------------
INSERT INTO `mto_users` VALUES ('1', '2017-08-06 17:52:41', 'example@mtons.com', '2018-12-23 19:43:44', null, '3TGCQF25BLHU9R7IQUITN0FCC5', '0', 'admin', '小豆丁', '/dist/images/ava/default.png', '2017-07-26 11:08:36', '0', '1', '0', '0', '7', '-1', '0', '-2', '24', '');
INSERT INTO `mto_users` VALUES ('2', '2018-12-23 19:44:14', 'admin@fit2cloud.com', '2018-12-23 19:44:28', null, '3TGCQF25BLHU9R7IQUITN0FCC5', '0', 'xiaoming', 'xiaoming', '/store/ava/000/00/00/02_100.jpg', null, '0', null, '0', '0', '3', '0', '0', '1', '1', null);

-- ----------------------------
-- Table structure for `mto_users_open_oauth`
-- ----------------------------
DROP TABLE IF EXISTS `mto_users_open_oauth`;
CREATE TABLE `mto_users_open_oauth` (
  `id` bigint(20) NOT NULL AUTO_INCREMENT,
  `access_token` varchar(255) DEFAULT NULL,
  `expire_in` varchar(255) DEFAULT NULL,
  `oauth_code` varchar(255) DEFAULT NULL,
  `oauth_type` int(11) DEFAULT NULL,
  `oauth_user_id` varchar(255) DEFAULT NULL,
  `refresh_token` varchar(255) DEFAULT NULL,
  `user_id` bigint(20) DEFAULT NULL,
  PRIMARY KEY (`id`)
) ENGINE=InnoDB DEFAULT CHARSET=utf8;

-- ----------------------------
-- Records of mto_users_open_oauth
-- ----------------------------

-- ----------------------------
-- Table structure for `mto_verify`
-- ----------------------------
DROP TABLE IF EXISTS `mto_verify`;
CREATE TABLE `mto_verify` (
  `id` bigint(20) NOT NULL AUTO_INCREMENT,
  `code` varchar(60) COLLATE utf8_bin NOT NULL,
  `created` datetime NOT NULL,
  `expired` datetime NOT NULL,
  `status` int(11) DEFAULT NULL,
  `target` varchar(96) COLLATE utf8_bin DEFAULT NULL,
  `token` varchar(255) COLLATE utf8_bin DEFAULT NULL,
  `type` int(11) DEFAULT NULL,
  `user_id` bigint(20) DEFAULT NULL,
  PRIMARY KEY (`id`),
  UNIQUE KEY `UK_m7p0b526c4xlgjn787t22om2g` (`user_id`)
) ENGINE=InnoDB AUTO_INCREMENT=2 DEFAULT CHARSET=utf8 COLLATE=utf8_bin;

-- ----------------------------
-- Records of mto_verify
-- ----------------------------
INSERT INTO `mto_verify` VALUES ('1', '6752934527', '2018-12-23 19:44:14', '2018-12-23 20:14:14', '0', 'admin@fit2cloud.com', null, '1', '2');

-- ----------------------------
-- Table structure for `shiro_permission`
-- ----------------------------
DROP TABLE IF EXISTS `shiro_permission`;
CREATE TABLE `shiro_permission` (
  `id` bigint(20) NOT NULL AUTO_INCREMENT,
  `description` varchar(255) DEFAULT NULL,
  `name` varchar(255) NOT NULL,
  `parent_id` bigint(11) DEFAULT NULL,
  `version` int(11) DEFAULT NULL,
  `weight` int(11) NOT NULL,
  PRIMARY KEY (`id`),
  UNIQUE KEY `UK_89ve8ffuihnryt1nw4o2t1feu` (`name`)
) ENGINE=InnoDB AUTO_INCREMENT=21 DEFAULT CHARSET=utf8;

-- ----------------------------
-- Records of shiro_permission
-- ----------------------------
INSERT INTO `shiro_permission` VALUES ('1', '进入后台', 'admin', '0', '0', '0');
INSERT INTO `shiro_permission` VALUES ('2', '栏目管理', 'channel:list', '0', '0', '0');
INSERT INTO `shiro_permission` VALUES ('3', '编辑栏目', 'channel:update', '2', '0', '0');
INSERT INTO `shiro_permission` VALUES ('4', '删除栏目', 'channel:delete', '2', '0', '0');
INSERT INTO `shiro_permission` VALUES ('5', '文章管理', 'post:list', '0', '0', '0');
INSERT INTO `shiro_permission` VALUES ('6', '编辑文章', 'post:update', '5', '0', '0');
INSERT INTO `shiro_permission` VALUES ('7', '删除文章', 'post:delete', '5', '0', '0');
INSERT INTO `shiro_permission` VALUES ('8', '评论管理', 'comment:list', '0', '0', '0');
INSERT INTO `shiro_permission` VALUES ('10', '删除评论', 'comment:delete', '8', '0', '0');
INSERT INTO `shiro_permission` VALUES ('11', '用户管理', 'user:list', '0', '0', '0');
INSERT INTO `shiro_permission` VALUES ('12', '用户授权', 'user:role', '11', '0', '0');
INSERT INTO `shiro_permission` VALUES ('13', '修改密码', 'user:pwd', '11', '0', '0');
INSERT INTO `shiro_permission` VALUES ('14', '激活用户', 'user:open', '11', '0', '0');
INSERT INTO `shiro_permission` VALUES ('15', '关闭用户', 'user:close', '11', '0', '0');
INSERT INTO `shiro_permission` VALUES ('16', '角色管理', 'role:list', '0', '0', '0');
INSERT INTO `shiro_permission` VALUES ('17', '修改角色', 'role:update', '16', '0', '0');
INSERT INTO `shiro_permission` VALUES ('18', '删除角色', 'role:delete', '16', '0', '0');
INSERT INTO `shiro_permission` VALUES ('19', '系统配置', 'config:list', '0', '0', '0');
INSERT INTO `shiro_permission` VALUES ('20', '修改配置', 'config:update', '19', '0', '0');

-- ----------------------------
-- Table structure for `shiro_role`
-- ----------------------------
DROP TABLE IF EXISTS `shiro_role`;
CREATE TABLE `shiro_role` (
  `id` bigint(20) NOT NULL AUTO_INCREMENT,
  `description` varchar(255) DEFAULT NULL,
  `name` varchar(255) NOT NULL,
  `status` int(11) NOT NULL,
  PRIMARY KEY (`id`)
) ENGINE=InnoDB AUTO_INCREMENT=2 DEFAULT CHARSET=utf8;

-- ----------------------------
-- Records of shiro_role
-- ----------------------------
INSERT INTO `shiro_role` VALUES ('1', null, 'admin', '0');

-- ----------------------------
-- Table structure for `shiro_role_permission`
-- ----------------------------
DROP TABLE IF EXISTS `shiro_role_permission`;
CREATE TABLE `shiro_role_permission` (
  `id` bigint(20) NOT NULL AUTO_INCREMENT,
  `permission_id` bigint(20) DEFAULT NULL,
  `role_id` bigint(20) DEFAULT NULL,
  PRIMARY KEY (`id`)
) ENGINE=InnoDB AUTO_INCREMENT=20 DEFAULT CHARSET=utf8;

-- ----------------------------
-- Records of shiro_role_permission
-- ----------------------------
INSERT INTO `shiro_role_permission` VALUES ('1', '10', '1');
INSERT INTO `shiro_role_permission` VALUES ('2', '4', '1');
INSERT INTO `shiro_role_permission` VALUES ('3', '16', '1');
INSERT INTO `shiro_role_permission` VALUES ('4', '1', '1');
INSERT INTO `shiro_role_permission` VALUES ('5', '14', '1');
INSERT INTO `shiro_role_permission` VALUES ('6', '17', '1');
INSERT INTO `shiro_role_permission` VALUES ('7', '3', '1');
INSERT INTO `shiro_role_permission` VALUES ('8', '12', '1');
INSERT INTO `shiro_role_permission` VALUES ('9', '6', '1');
INSERT INTO `shiro_role_permission` VALUES ('10', '2', '1');
INSERT INTO `shiro_role_permission` VALUES ('11', '5', '1');
INSERT INTO `shiro_role_permission` VALUES ('12', '18', '1');
INSERT INTO `shiro_role_permission` VALUES ('13', '15', '1');
INSERT INTO `shiro_role_permission` VALUES ('14', '19', '1');
INSERT INTO `shiro_role_permission` VALUES ('15', '13', '1');
INSERT INTO `shiro_role_permission` VALUES ('16', '7', '1');
INSERT INTO `shiro_role_permission` VALUES ('17', '20', '1');
INSERT INTO `shiro_role_permission` VALUES ('18', '8', '1');
INSERT INTO `shiro_role_permission` VALUES ('19', '11', '1');

-- ----------------------------
-- Table structure for `shiro_user_role`
-- ----------------------------
DROP TABLE IF EXISTS `shiro_user_role`;
CREATE TABLE `shiro_user_role` (
  `id` bigint(20) NOT NULL AUTO_INCREMENT,
  `role_id` bigint(20) DEFAULT NULL,
  `user_id` bigint(20) DEFAULT NULL,
  PRIMARY KEY (`id`)
) ENGINE=InnoDB AUTO_INCREMENT=2 DEFAULT CHARSET=utf8;

-- ----------------------------
-- Records of shiro_user_role
-- ----------------------------
INSERT INTO `shiro_user_role` VALUES ('1', '1', '1');
